id;data_inversa;dia_semana;horario;uf;br;km;municipio;causa_acidente;tipo_acidente;classificacao_acidente;fase_dia
559091;25/07/2009;Sabado;15:50:00;RJ;101;307.5;SAO GONCALO;Outras;Atropelamento de pessoa;Com Vitimas Feridas;Pleno dia
559306;22/07/2009;Quarta;16:20:00;RJ;101;320.0;NITEROI;Outras;Colisao traseira;Sem Vitimas;Pleno dia
559587;26/07/2009;Domingo;19:20:00;RJ;101;322.0;NITEROI;Outras;Colisao com objeto fixo;Sem Vitimas;Plena noite
559779;27/07/2009;Segunda;02:50:00;RJ;101;301.0;SAO GONCALO;Outras;Saida de Pista;Sem Vitimas;Plena noite
559787;27/07/2009;Segunda;10:10:00;RJ;101;328.0;NITEROI;Outras;Colisao traseira;Sem Vitimas;Pleno dia
559806;27/07/2009;Segunda;09:30:00;RJ;101;328.0;RIO DE JANEIRO;Outras;Queda de motocicleta / bicicleta / veiculo;Com Vitimas Feridas;Pleno dia
559996;23/07/2009;Quinta;23:40:00;RJ;101;334.0;RIO DE JANEIRO;Outras;Colisao traseira;Sem Vitimas;Plena noite
560067;27/07/2009;Segunda;12:40:00;RJ;101;318.0;RIO DE JANEIRO;Outras;Colisao com objeto movel;Sem Vitimas;Pleno dia
560215;24/07/2009;Sexta;21:50:00;RJ;101;334.0;RIO DE JANEIRO;Outras;Colisao lateral;Sem Vitimas;Plena noite
560221;24/07/2009;Sexta;23:45:00;RJ;101;311.0;SAO GONCALO;Outras;Saida de Pista;Com Vitimas Feridas;Plena noite
560240;24/07/2009;Sexta;16:00:00;RJ;101;323.0;NITEROI;Outras;Colisao traseira;Sem Vitimas;Pleno dia
560257;24/07/2009;Sexta;07:00:00;RJ;101;299.0;SAO GONCALO;Outras;Atropelamento de pessoa;Com Vitimas Fatais;Pleno dia
560503;28/07/2009;Terca;17:40:00;RJ;101;320.0;NITEROI;Outras;Colisao traseira;Sem Vitimas;Anoitecer
560614;28/07/2009;Terca;22:15:00;RJ;101;334.0;NITEROI;Falta de atencao;Colisao lateral;Sem Vitimas;Plena noite
560697;25/07/2009;Sabado;20:40:00;RJ;101;334.0;RIO DE JANEIRO;Outras;Colisao traseira;Sem Vitimas;Plena noite
560717;29/07/2009;Quarta;07:05:00;RJ;101;319.7;SAO GONCALO;Outras;Colisao traseira;Sem Vitimas;Pleno dia
560927;29/07/2009;Quarta;18:10:00;RJ;101;322.0;NITEROI;Outras;Colisao traseira;Sem Vitimas;Plena noite
561056;30/07/2009;Quinta;00:20:00;RJ;101;322.0;NITEROI;Outras;Colisao traseira;Sem Vitimas;Plena noite
561444;30/07/2009;Quinta;19:30:00;RJ;101;311.0;SAO GONCALO;Outras;Colisao lateral;Sem Vitimas;Plena noite
561459;18/07/2009;Sabado;13:47:00;RJ;101;323.0;NITEROI;Outras;Colisao traseira;Sem Vitimas;Pleno dia
561637;30/07/2009;Quinta;17:45:00;RJ;101;319.0;SAO GONCALO;Outras;Queda de motocicleta / bicicleta / veiculo;Com Vitimas Feridas;Anoitecer
561641;30/07/2009;Quinta;21:00:00;RJ;101;321.0;NITEROI;Outras;Colisao traseira;Sem Vitimas;Plena noite
561801;31/07/2009;Sexta;16:55:00;RJ;101;319.0;NITEROI;Outras;Colisao traseira;Sem Vitimas;Pleno dia
561813;31/07/2009;Sexta;16:20:00;RJ;101;315.0;SAO GONCALO;Outras;Saida de Pista;Sem Vitimas;Pleno dia
561931;31/07/2009;Sexta;17:20:00;RJ;101;322.0;NITEROI;Falta de atencao;Colisao traseira;Sem Vitimas;Pleno dia
562539;29/07/2009;Quarta;19:14:00;RJ;101;327.0;RIO DE JANEIRO;Outras;Colisao com objeto fixo;Com Vitimas Fatais;Plena noite
562677;02/08/2009;Domingo;23:25:00;RJ;101;300.4;SAO GONCALO;Outras;Colisao lateral;Sem Vitimas;Plena noite
562756;03/08/2009;Segunda;07:30:00;RJ;101;321.0;NITEROI;Falta de atencao;Colisao traseira;Sem Vitimas;Pleno dia
562776;01/08/2009;Sabado;19:20:00;RJ;101;322.0;NITEROI;Falta de atencao;Colisao lateral;Sem Vitimas;Plena noite
562958;30/07/2009;Quinta;16:40:00;RJ;101;321.0;NITEROI;Outras;Colisao lateral;Sem Vitimas;Pleno dia
562970;31/07/2009;Sexta;20:55:00;RJ;101;326.0;NITEROI;Outras;Colisao traseira;Sem Vitimas;Plena noite
563089;27/07/2009;Segunda;12:50:00;RJ;101;318.0;SAO GONCALO;Outras;Tombamento;Com Vitimas Feridas;Pleno dia
563209;27/07/2009;Segunda;15:30:00;RJ;101;320.0;NITEROI;Outras;Colisao traseira;Sem Vitimas;Pleno dia
563217;31/07/2009;Sexta;15:40:00;RJ;101;317.0;SAO GONCALO;Outras;Colisao traseira;Sem Vitimas;Pleno dia
563360;04/08/2009;Terca;18:40:00;RJ;101;321.0;NITEROI;Outras;Colisao traseira;Sem Vitimas;Plena noite
563407;04/08/2009;Terca;15:00:00;RJ;101;316.0;SAO GONCALO;Falta de atencao;Colisao traseira;Sem Vitimas;Pleno dia
563492;05/08/2009;Quarta;05:30:00;RJ;101;308.0;SAO GONCALO;Outras;Saida de Pista;Sem Vitimas;Amanhecer
563556;05/08/2009;Quarta;04:00:00;RJ;101;318.0;SAO GONCALO;Outras;Tombamento;Com Vitimas Feridas;Plena noite
563561;26/06/2009;Sexta;21:15:00;RJ;101;334.0;NITEROI;Desobediencia a sinalizacao;Colisao lateral;Sem Vitimas;Plena noite
563641;02/08/2009;Domingo;18:10:00;RJ;101;319.0;SAO GONCALO;Outras;Colisao traseira;Com Vitimas Feridas;Anoitecer
563677;05/08/2009;Quarta;07:40:00;RJ;101;320.0;NITEROI;Outras;Colisao lateral;Com Vitimas Feridas;Pleno dia
564330;06/08/2009;Quinta;16:15:00;RJ;101;325.0;NITEROI;Outras;Colisao lateral;Sem Vitimas;Pleno dia
564331;06/08/2009;Quinta;19:00:00;RJ;101;323.0;NITEROI;Outras;Colisao traseira;Com Vitimas Feridas;Plena noite
564332;06/08/2009;Quinta;18:20:00;RJ;101;325.0;NITEROI;Outras;Queda de motocicleta / bicicleta / veiculo;Com Vitimas Feridas;Plena noite
564491;06/08/2009;Quinta;19:00:00;RJ;101;319.0;SAO GONCALO;Nao guardar distancia de seguranca;Colisao traseira;Sem Vitimas;Plena noite
564827;04/08/2009;Terca;15:00:00;RJ;101;316.0;SAO GONCALO;Falta de atencao;Colisao traseira;Com Vitimas Feridas;Pleno dia
564889;04/08/2009;Terca;19:15:00;RJ;101;320.0;NITEROI;Outras;Colisao lateral;Sem Vitimas;Plena noite
564943;08/08/2009;Sabado;16:05:00;RJ;101;316.0;SAO GONCALO;Outras;Colisao traseira;Sem Vitimas;Pleno dia
564958;08/08/2009;Sabado;17:00:00;RJ;101;308.0;SAO GONCALO;Outras;Colisao traseira;Sem Vitimas;Pleno dia
565010;08/08/2009;Sabado;09:50:00;RJ;101;309.0;SAO GONCALO;Falta de atencao;Colisao traseira;Sem Vitimas;Pleno dia
565734;06/08/2009;Quinta;14:00:00;RJ;101;308.5;SAO GONCALO;Outras;Colisao lateral;Sem Vitimas;Pleno dia
565739;10/08/2009;Segunda;08:30:00;RJ;101;319.0;SAO GONCALO;Outras;Atropelamento de pessoa;Sem Vitimas;Pleno dia
565912;10/08/2009;Segunda;10:45:00;RJ;101;314.0;SAO GONCALO;Outras;Colisao traseira;Sem Vitimas;Pleno dia
566064;11/08/2009;Terca;06:40:00;RJ;101;307.0;SAO GONCALO;Animais na Pista;Atropelamento de animal;Sem Vitimas;Pleno dia
566132;07/08/2009;Sexta;21:00:00;RJ;101;324.0;NITEROI;Falta de atencao;Colisao lateral;Sem Vitimas;Plena noite
566158;11/08/2009;Terca;10:00:00;RJ;101;329.0;RIO DE JANEIRO;Outras;Colisao traseira;Sem Vitimas;Pleno dia
566175;11/08/2009;Terca;09:20:00;RJ;101;321.0;NITEROI;Outras;Colisao lateral;Sem Vitimas;Pleno dia
566274;08/08/2009;Sabado;13:00:00;RJ;101;314.0;SAO GONCALO;Outras;Colisao traseira;Sem Vitimas;Pleno dia
566583;09/08/2009;Domingo;01:10:00;RJ;101;306.0;SAO GONCALO;Outras;Queda de motocicleta / bicicleta / veiculo;Com Vitimas Feridas;Plena noite
566598;09/08/2009;Domingo;14:10:00;RJ;101;322.0;NITEROI;Falta de atencao;Colisao traseira;Sem Vitimas;Pleno dia
566618;12/08/2009;Quarta;07:00:00;RJ;101;322.0;NITEROI;Falta de atencao;Colisao traseira;Sem Vitimas;Pleno dia
566733;12/08/2009;Quarta;11:30:00;RJ;101;326.0;NITEROI;Outras;Colisao lateral;Sem Vitimas;Pleno dia
566736;04/02/2009;Quarta;06:00:00;RJ;101;330.0;RIO DE JANEIRO;Outras;Colisao traseira;Sem Vitimas;Amanhecer
567041;13/08/2009;Quinta;07:00:00;RJ;101;322.0;NITEROI;Falta de atencao;Colisao lateral;Sem Vitimas;Pleno dia
567081;13/08/2009;Quinta;07:30:00;RJ;101;330.0;RIO DE JANEIRO;Desobediencia a sinalizacao;Colisao traseira;Com Vitimas Feridas;Anoitecer
567139;03/05/2009;Domingo;19:30:00;RJ;101;301.0;SAO GONCALO;Outras;Atropelamento de pessoa;Com Vitimas Feridas;Plena noite
567290;13/08/2009;Quinta;18:30:00;RJ;101;321.0;NITEROI;Outras;Colisao traseira;Sem Vitimas;Plena noite
567317;13/08/2009;Quinta;13:10:00;RJ;101;307.0;SAO GONCALO;Outras;Colisao lateral;Sem Vitimas;Pleno dia
567319;01/08/2009;Sabado;20:45:00;RJ;101;323.0;NITEROI;Falta de atencao;Colisao Transversal;Sem Vitimas;Plena noite
567341;13/08/2009;Quinta;18:20:00;RJ;101;333.0;RIO DE JANEIRO;Falta de atencao;Colisao traseira;Sem Vitimas;Anoitecer
567359;01/08/2009;Sabado;19:45:00;RJ;101;333.0;RIO DE JANEIRO;Outras;Colisao traseira;Sem Vitimas;Plena noite
567362;13/08/2009;Quinta;12:30:00;RJ;101;320.0;NITEROI;Outras;Colisao lateral;Sem Vitimas;Pleno dia
567411;13/08/2009;Quinta;22:45:00;RJ;101;321.0;NITEROI;Outras;Colisao lateral;Sem Vitimas;Plena noite
567436;13/08/2009;Quinta;21:50:00;RJ;101;313.0;SAO GONCALO;Outras;Atropelamento de pessoa;Com Vitimas Feridas;Plena noite
567499;14/08/2009;Sexta;07:40:00;RJ;101;334.0;RIO DE JANEIRO;Outras;Colisao traseira;Com Vitimas Feridas;Pleno dia
567779;14/08/2009;Sexta;19:10:00;RJ;101;327.0;NITEROI;Outras;Colisao traseira;Sem Vitimas;Plena noite
567802;14/08/2009;Sexta;20:35:00;RJ;101;307.0;SAO GONCALO;Outras;Colisao traseira;Sem Vitimas;Plena noite
567806;14/08/2009;Sexta;21:00:00;RJ;101;326.0;NITEROI;Outras;Colisao traseira;Sem Vitimas;Plena noite
567848;14/08/2009;Sexta;23:00:00;RJ;101;323.0;NITEROI;Falta de atencao;Colisao traseira;Sem Vitimas;Plena noite
567853;14/08/2009;Sexta;22:20:00;RJ;101;321.0;NITEROI;Outras;Colisao lateral;Sem Vitimas;Plena noite
567889;14/08/2009;Sexta;23:15:00;RJ;101;324.0;NITEROI;Outras;Colisao com objeto fixo;Com Vitimas Feridas;Plena noite
568038;15/08/2009;Sabado;10:00:00;RJ;101;314.0;SAO GONCALO;Outras;Colisao traseira;Sem Vitimas;Pleno dia
568133;11/08/2009;Terca;20:00:00;RJ;101;320.0;NITEROI;Outras;Saida de Pista;Ignorado;Plena noite
568360;12/08/2009;Quarta;20:00:00;RJ;101;322.0;NITEROI;Outras;Colisao traseira;Sem Vitimas;Plena noite
568456;16/08/2009;Domingo;12:15:00;RJ;101;332.0;RIO DE JANEIRO;Outras;Colisao traseira;Sem Vitimas;Pleno dia
568517;16/08/2009;Domingo;16:30:00;RJ;101;327.0;NITEROI;Nao guardar distancia de seguranca;Colisao traseira;Sem Vitimas;Pleno dia
568750;11/08/2009;Terca;21:30:00;RJ;101;326.0;RIO DE JANEIRO;Defeito mecanico em veiculo;Colisao traseira;Sem Vitimas;Plena noite
568818;13/08/2009;Quinta;09:00:00;RJ;101;312.0;SAO GONCALO;Outras;Colisao traseira;Sem Vitimas;Pleno dia
568819;17/08/2009;Segunda;09:00:00;RJ;101;319.0;SAO GONCALO;Outras;Colisao lateral;Com Vitimas Feridas;Pleno dia
569018;17/08/2009;Segunda;18:00:00;RJ;101;320.0;NITEROI;Outras;Colisao traseira;Sem Vitimas;Plena noite
569081;17/08/2009;Segunda;18:20:00;RJ;101;320.0;NITEROI;Nao guardar distancia de seguranca;Colisao lateral;Sem Vitimas;Plena noite
569124;17/08/2009;Segunda;20:30:00;RJ;101;320.0;NITEROI;Falta de atencao;Colisao traseira;Sem Vitimas;Plena noite
569330;18/08/2009;Terca;10:30:00;RJ;101;322.0;NITEROI;Falta de atencao;Colisao com objeto fixo;Sem Vitimas;Pleno dia
569353;18/08/2009;Terca;11:30:00;RJ;101;320.0;NITEROI;Outras;Atropelamento de pessoa;Com Vitimas Feridas;Pleno dia
569549;18/08/2009;Terca;18:40:00;RJ;101;324.0;NITEROI;Outras;Colisao lateral;Sem Vitimas;Plena noite
569566;18/08/2009;Terca;18:30:00;RJ;101;334.0;RIO DE JANEIRO;Outras;Colisao traseira;Sem Vitimas;Plena noite
569600;18/08/2009;Terca;10:35:00;RJ;101;320.0;NITEROI;Outras;Queda de motocicleta / bicicleta / veiculo;Com Vitimas Feridas;Pleno dia
569629;18/08/2009;Terca;21:00:00;RJ;101;312.0;SAO GONCALO;Outras;Colisao traseira;Sem Vitimas;Plena noite
569640;18/08/2009;Terca;21:00:00;RJ;101;328.0;NITEROI;Defeito mecanico em veiculo;Colisao com objeto movel;Sem Vitimas;Plena noite
570230;16/08/2009;Domingo;22:25:00;RJ;101;306.0;SAO GONCALO;Nao guardar distancia de seguranca;Colisao traseira;Sem Vitimas;Plena noite
570400;16/08/2009;Domingo;14:46:00;RJ;101;325.0;RIO DE JANEIRO;Outras;Colisao com objeto fixo;Com Vitimas Feridas;Pleno dia
570503;20/08/2009;Quinta;17:30:00;RJ;101;322.0;NITEROI;Outras;Colisao traseira;Sem Vitimas;Anoitecer
570545;20/08/2009;Quinta;18:20:00;RJ;101;319.0;SAO GONCALO;Outras;Saida de Pista;Com Vitimas Feridas;Plena noite
570643;20/08/2009;Quinta;18:50:00;RJ;101;321.0;NITEROI;Outras;Colisao traseira;Sem Vitimas;Plena noite
570838;21/08/2009;Sexta;11:00:00;RJ;101;322.0;NITEROI;Defeito mecanico em veiculo;Colisao traseira;Sem Vitimas;Pleno dia
570896;21/08/2009;Sexta;13:02:00;RJ;101;334.0;NITEROI;Falta de atencao;Colisao lateral;Sem Vitimas;Pleno dia
570956;21/08/2009;Sexta;08:10:00;RJ;101;320.0;SAO GONCALO;Desobediencia a sinalizacao;Colisao Transversal;Com Vitimas Feridas;Pleno dia
570962;21/08/2009;Sexta;16:20:00;RJ;101;334.0;RIO DE JANEIRO;Falta de atencao;Colisao traseira;Sem Vitimas;Pleno dia
571028;21/08/2009;Sexta;20:00:00;RJ;101;320.0;NITEROI;Falta de atencao;Colisao traseira;Sem Vitimas;Plena noite
571047;21/08/2009;Sexta;17:30:00;RJ;101;320.0;NITEROI;Nao guardar distancia de seguranca;Colisao traseira;Sem Vitimas;Anoitecer
571068;21/08/2009;Sexta;22:30:00;RJ;101;320.0;SAO GONCALO;Outras;Colisao traseira;Sem Vitimas;Plena noite
571095;21/08/2009;Sexta;21:30:00;RJ;101;320.0;NITEROI;Falta de atencao;Colisao traseira;Sem Vitimas;Plena noite
571116;21/08/2009;Sexta;22:30:00;RJ;101;320.0;NITEROI;Falta de atencao;Colisao lateral;Sem Vitimas;Plena noite
571234;22/08/2009;Sabado;11:00:00;RJ;101;320.0;SAO GONCALO;Outras;Colisao lateral;Com Vitimas Feridas;Pleno dia
571246;22/08/2009;Sabado;10:30:00;RJ;101;328.0;NITEROI;Outras;Colisao traseira;Com Vitimas Feridas;Pleno dia
571656;19/08/2009;Quarta;22:15:00;RJ;101;334.0;RIO DE JANEIRO;Outras;Colisao lateral;Sem Vitimas;Pleno dia
571673;23/08/2009;Domingo;07:00:00;RJ;101;334.0;RIO DE JANEIRO;Outras;Colisao com objeto fixo;Sem Vitimas;Amanhecer
571806;23/08/2009;Domingo;15:00:00;RJ;101;313.0;SAO GONCALO;Outras;Colisao traseira;Sem Vitimas;Pleno dia
571947;24/08/2009;Segunda;07:40:00;RJ;101;321.0;NITEROI;Outras;Colisao lateral;Sem Vitimas;Pleno dia
572108;20/08/2009;Quinta;07:30:00;RJ;101;322.0;NITEROI;Outras;Colisao com objeto fixo;Sem Vitimas;Pleno dia
572607;25/08/2009;Terca;09:30:00;RJ;101;315.0;SAO GONCALO;Outras;Colisao traseira;Sem Vitimas;Pleno dia
572707;25/08/2009;Terca;11:00:00;RJ;101;313.0;SAO GONCALO;Falta de atencao;Colisao traseira;Sem Vitimas;Pleno dia
572771;25/08/2009;Terca;19:00:00;RJ;101;322.0;NITEROI;Outras;Colisao com objeto fixo;Sem Vitimas;Plena noite
572790;25/08/2009;Terca;19:30:00;RJ;101;321.0;NITEROI;Falta de atencao;Colisao traseira;Sem Vitimas;Plena noite
572817;25/08/2009;Terca;18:30:00;RJ;101;320.0;NITEROI;Falta de atencao;Saida de Pista;Sem Vitimas;Plena noite
572841;25/08/2009;Terca;19:40:00;RJ;101;320.0;NITEROI;Outras;Colisao Transversal;Sem Vitimas;Plena noite
572867;24/08/2009;Segunda;18:37:00;RJ;101;311.0;SAO GONCALO;Falta de atencao;Colisao traseira;Sem Vitimas;Plena noite
572902;26/08/2009;Quarta;00:00:00;RJ;101;320.0;SAO GONCALO;Outras;Atropelamento de pessoa;Com Vitimas Fatais;Plena noite
573126;26/08/2009;Quarta;03:50:00;RJ;101;316.0;SAO GONCALO;Outras;Saida de Pista;Sem Vitimas;Plena noite
573904;24/08/2009;Segunda;09:30:00;RJ;101;308.0;SAO GONCALO;Outras;Colisao traseira;Sem Vitimas;Pleno dia
574014;28/08/2009;Sexta;11:20:00;RJ;101;322.5;NITEROI;Outras;Colisao traseira;Sem Vitimas;Pleno dia
574020;20/08/2009;Quinta;20:05:00;RJ;101;334.0;RIO DE JANEIRO;Outras;Colisao lateral;Sem Vitimas;Plena noite
574055;24/08/2009;Segunda;17:20:00;RJ;101;322.5;NITEROI;Outras;Colisao lateral;Sem Vitimas;Plena noite
574105;27/08/2009;Quinta;07:00:00;RJ;101;329.0;NITEROI;Outras;Colisao traseira;Sem Vitimas;Pleno dia
574147;28/08/2009;Sexta;17:30:00;RJ;101;328.0;NITEROI;Outras;Colisao traseira;Sem Vitimas;Pleno dia
574149;28/08/2009;Sexta;08:10:00;RJ;101;318.0;SAO GONCALO;Falta de atencao;Atropelamento de pessoa;Com Vitimas Feridas;Pleno dia
574330;29/08/2009;Sabado;07:35:00;RJ;101;323.0;NITEROI;Outras;Colisao lateral;Sem Vitimas;Pleno dia
574362;29/08/2009;Sabado;08:35:00;RJ;101;307.0;SAO GONCALO;Outras;Saida de Pista;Com Vitimas Feridas;Pleno dia
574672;30/08/2009;Domingo;03:30:00;RJ;101;330.0;RIO DE JANEIRO;Falta de atencao;Colisao traseira;Sem Vitimas;Plena noite
574700;30/08/2009;Domingo;06:20:00;RJ;101;325.0;NITEROI;Falta de atencao;Colisao traseira;Sem Vitimas;Pleno dia
574723;30/08/2009;Domingo;07:40:00;RJ;101;322.0;NITEROI;Outras;Colisao traseira;Sem Vitimas;Pleno dia
574725;30/08/2009;Domingo;07:00:00;RJ;101;325.0;NITEROI;Falta de atencao;Colisao Transversal;Sem Vitimas;Pleno dia
574785;28/08/2009;Sexta;10:10:00;RJ;101;319.0;SAO GONCALO;Falta de atencao;Colisao traseira;Sem Vitimas;Pleno dia
574822;30/08/2009;Domingo;13:00:00;RJ;101;332.0;RIO DE JANEIRO;Outras;Colisao traseira;Com Vitimas Feridas;Pleno dia
575374;31/08/2009;Segunda;06:00:00;RJ;101;316.0;SAO GONCALO;Outras;Colisao traseira;Sem Vitimas;Pleno dia
575454;31/08/2009;Segunda;14:30:00;RJ;101;313.0;SAO GONCALO;Outras;Colisao traseira;Sem Vitimas;Pleno dia
575548;28/08/2009;Sexta;21:45:00;RJ;101;308.0;SAO GONCALO;Ingestao de alcool;Colisao traseira;Sem Vitimas;Plena noite
575628;01/09/2009;Terca;10:30:00;RJ;101;330.0;RIO DE JANEIRO;Outras;Colisao traseira;Sem Vitimas;Pleno dia
575682;28/08/2009;Sexta;12:10:00;RJ;101;324.0;NITEROI;Outras;Colisao traseira;Sem Vitimas;Pleno dia
575791;01/09/2009;Terca;17:10:00;RJ;101;330.0;NITEROI;Outras;Colisao traseira;Com Vitimas Feridas;Pleno dia
575959;28/08/2009;Sexta;17:00:00;RJ;101;322.0;NITEROI;Falta de atencao;Colisao traseira;Sem Vitimas;Pleno dia
576022;02/09/2009;Quarta;10:00:00;RJ;101;319.0;SAO GONCALO;Outras;Colisao traseira;Com Vitimas Feridas;Pleno dia
576055;23/08/2009;Domingo;14:45:00;RJ;101;313.0;SAO GONCALO;Falta de atencao;Colisao traseira;Sem Vitimas;Pleno dia
576164;07/08/2009;Sexta;19:30:00;RJ;101;319.0;NITEROI;Outras;Colisao lateral;Sem Vitimas;Plena noite
576184;02/09/2009;Quarta;17:30:00;RJ;101;322.0;NITEROI;Falta de atencao;Colisao traseira;Sem Vitimas;Anoitecer
576216;02/09/2009;Quarta;18:15:00;RJ;101;316.0;SAO GONCALO;Falta de atencao;Atropelamento de pessoa;Com Vitimas Feridas;Plena noite
576287;02/09/2009;Quarta;08:00:00;RJ;101;322.0;NITEROI;Outras;Colisao com objeto fixo;Sem Vitimas;Amanhecer
576406;03/09/2009;Quinta;08:00:00;RJ;101;329.0;RIO DE JANEIRO;Outras;Colisao traseira;Sem Vitimas;Pleno dia
576416;03/09/2009;Quinta;08:20:00;RJ;101;324.0;NITEROI;Outras;Colisao com objeto movel;Sem Vitimas;Pleno dia
576421;03/09/2009;Quinta;08:12:00;RJ;101;330.0;NITEROI;Outras;Colisao traseira;Sem Vitimas;Pleno dia
576435;03/09/2009;Quinta;07:45:00;RJ;101;322.0;NITEROI;Outras;Colisao lateral;Sem Vitimas;Pleno dia
576472;03/09/2009;Quinta;11:55:00;RJ;101;320.0;NITEROI;Outras;Colisao lateral;Sem Vitimas;Pleno dia
576519;02/09/2009;Quarta;22:30:00;RJ;101;301.0;SAO GONCALO;Falta de atencao;Colisao traseira;Sem Vitimas;Plena noite
576555;03/09/2009;Quinta;14:30:00;RJ;101;315.0;SAO GONCALO;Outras;Colisao traseira;Sem Vitimas;Pleno dia
576666;03/09/2009;Quinta;20:10:00;RJ;101;322.0;NITEROI;Outras;Colisao lateral;Sem Vitimas;Plena noite
576843;04/09/2009;Sexta;06:00:00;RJ;101;307.9;SAO GONCALO;Outras;Colisao traseira;Sem Vitimas;Pleno dia
576872;04/09/2009;Sexta;06:20:00;RJ;101;318.0;SAO GONCALO;Falta de atencao;Colisao Transversal;Com Vitimas Feridas;Pleno dia
576887;04/09/2009;Sexta;07:40:00;RJ;101;320.0;NITEROI;Outras;Colisao traseira;Com Vitimas Feridas;Pleno dia
576974;04/09/2009;Sexta;12:12:00;RJ;101;316.0;SAO GONCALO;Falta de atencao;Colisao traseira;Sem Vitimas;Pleno dia
577102;04/09/2009;Sexta;17:00:00;RJ;101;320.0;NITEROI;Falta de atencao;Colisao lateral;Sem Vitimas;Pleno dia
577132;04/09/2009;Sexta;13:15:00;RJ;101;320.0;NITEROI;Outras;Colisao traseira;Sem Vitimas;Pleno dia
577374;01/09/2009;Terca;10:00:00;RJ;101;319.0;SAO GONCALO;Outras;Colisao traseira;Sem Vitimas;Pleno dia
577379;01/09/2009;Terca;20:30:00;RJ;101;312.0;SAO GONCALO;Outras;Colisao traseira;Sem Vitimas;Plena noite
577395;05/09/2009;Sabado;06:00:00;RJ;101;324.0;NITEROI;Outras;Colisao traseira;Sem Vitimas;Amanhecer
577651;28/08/2009;Sexta;13:00:00;RJ;101;324.0;RIO DE JANEIRO;Defeito mecanico em veiculo;Colisao com objeto fixo;Sem Vitimas;Pleno dia
578060;04/09/2009;Sexta;23:20:00;RJ;101;322.0;NITEROI;Outras;Colisao lateral;Sem Vitimas;Plena noite
578089;05/09/2009;Sabado;05:40:00;RJ;101;323.0;NITEROI;Outras;Colisao traseira;Sem Vitimas;Amanhecer
578148;06/09/2009;Domingo;11:20:00;RJ;101;322.0;NITEROI;Outras;Colisao traseira;Sem Vitimas;Amanhecer
578592;07/09/2009;Segunda;15:00:00;RJ;101;319.0;SAO GONCALO;Outras;Colisao traseira;Sem Vitimas;Pleno dia
578836;07/09/2009;Segunda;22:30:00;RJ;101;322.0;NITEROI;Outras;Colisao lateral;Sem Vitimas;Plena noite
579198;04/09/2009;Sexta;23:05:00;RJ;101;320.0;NITEROI;Outras;Colisao lateral;Sem Vitimas;Plena noite
579368;31/08/2009;Segunda;07:00:00;RJ;101;334.0;RIO DE JANEIRO;Outras;Colisao lateral;Sem Vitimas;Pleno dia
579599;04/09/2009;Sexta;13:00:00;RJ;101;322.0;NITEROI;Outras;Colisao traseira;Sem Vitimas;Pleno dia
579608;04/09/2009;Sexta;07:58:00;RJ;101;322.0;NITEROI;Falta de atencao;Colisao traseira;Sem Vitimas;Pleno dia
579681;05/09/2009;Sabado;09:45:00;RJ;101;300.0;SAO GONCALO;Outras;Colisao traseira;Sem Vitimas;Pleno dia
579853;01/09/2009;Terca;16:10:00;RJ;101;327.0;NITEROI;Outras;Colisao traseira;Sem Vitimas;Plena noite
580202;10/09/2009;Quinta;08:00:00;RJ;101;320.0;NITEROI;Outras;Colisao traseira;Sem Vitimas;Pleno dia
580320;08/09/2009;Terca;22:00:00;RJ;101;316.0;SAO GONCALO;Outras;Danos Eventuais;Sem Vitimas;Plena noite