id;data_inversa;dia_semana;horario;uf;br;km;municipio;causa_acidente;tipo_acidente;classificacao_acidente;fase_dia
580492;10/09/2009;Quinta;19:00:00;RJ;101;307.0;SAO GONCALO;Falta de atencao;Colisao com bicicleta;Com Vitimas Feridas;Plena noite
580637;11/09/2009;Sexta;06:35:00;RJ;101;319.0;SAO GONCALO;Outras;Colisao traseira;Sem Vitimas;Pleno dia
580641;11/09/2009;Sexta;06:30:00;RJ;101;318.5;SAO GONCALO;Outras;Colisao traseira;Sem Vitimas;Pleno dia
580654;11/09/2009;Sexta;07:30:00;RJ;101;315.5;SAO GONCALO;Outras;Colisao lateral;Sem Vitimas;Pleno dia
580661;11/09/2009;Sexta;07:30:00;RJ;101;317.0;SAO GONCALO;Outras;Colisao traseira;Sem Vitimas;Pleno dia
580983;11/09/2009;Sexta;18:00:00;RJ;101;322.0;NITEROI;Outras;Colisao lateral;Sem Vitimas;Plena noite
581045;11/09/2009;Sexta;19:40:00;RJ;101;320.0;SAO GONCALO;Outras;Colisao traseira;Sem Vitimas;Plena noite
581130;11/09/2009;Sexta;22:30:00;RJ;101;333.0;RIO DE JANEIRO;Outras;Colisao lateral;Sem Vitimas;Plena noite
581230;31/08/2009;Segunda;10:50:00;RJ;101;322.0;NITEROI;Outras;Colisao traseira;Sem Vitimas;Pleno dia
581272;12/09/2009;Sabado;09:15:00;RJ;101;307.0;SAO GONCALO;Outras;Colisao traseira;Sem Vitimas;Pleno dia
581413;05/09/2009;Sabado;05:40:00;RJ;101;322.0;NITEROI;Falta de atencao;Colisao traseira;Sem Vitimas;Amanhecer
581489;12/09/2009;Sabado;13:20:00;RJ;101;310.0;SAO GONCALO;Outras;Colisao traseira;Sem Vitimas;Pleno dia
581550;12/09/2009;Sabado;18:30:00;RJ;101;319.0;NITEROI;Outras;Colisao traseira;Sem Vitimas;Plena noite
581573;12/09/2009;Sabado;21:45:00;RJ;101;329.0;RIO DE JANEIRO;Falta de atencao;Colisao com objeto movel;Sem Vitimas;Plena noite
581647;09/09/2009;Quarta;18:30:00;RJ;101;321.0;NITEROI;Outras;Colisao traseira;Sem Vitimas;Plena noite
581675;09/09/2009;Quarta;17:15:00;RJ;101;313.0;SAO GONCALO;Outras;Colisao com objeto fixo;Sem Vitimas;Pleno dia
581782;05/09/2009;Sabado;10:30:00;RJ;101;306.0;SAO GONCALO;Outras;Atropelamento de pessoa;Com Vitimas Feridas;Pleno dia
581794;13/09/2009;Domingo;11:30:00;RJ;101;320.0;SAO GONCALO;Outras;Colisao traseira;Com Vitimas Feridas;Pleno dia
581877;13/09/2009;Domingo;13:30:00;RJ;101;320.0;RIO DE JANEIRO;Nao guardar distancia de seguranca;Colisao com objeto movel;Sem Vitimas;Pleno dia
582335;14/09/2009;Segunda;18:30:00;RJ;101;321.0;NITEROI;Falta de atencao;Colisao lateral;Sem Vitimas;Plena noite
582747;15/09/2009;Terca;19:00:00;RJ;101;310.0;SAO GONCALO;Outras;Tombamento;Com Vitimas Feridas;Plena noite
582849;15/09/2009;Terca;22:50:00;RJ;101;333.6;RIO DE JANEIRO;Outras;Colisao com objeto fixo;Sem Vitimas;Plena noite
582913;13/09/2009;Domingo;12:00:00;RJ;101;334.0;NITEROI;Outras;Colisao lateral;Sem Vitimas;Pleno dia
583023;16/09/2009;Quarta;06:50:00;RJ;101;320.0;NITEROI;Falta de atencao;Colisao lateral;Com Vitimas Feridas;Pleno dia
583139;16/09/2009;Quarta;14:30:00;RJ;101;320.0;NITEROI;Outras;Saida de Pista;Sem Vitimas;Pleno dia
583180;09/09/2009;Quarta;18:10:00;RJ;101;322.0;NITEROI;Outras;Colisao lateral;Sem Vitimas;Anoitecer
583381;17/09/2009;Quinta;07:30:00;RJ;101;321.0;NITEROI;Outras;Colisao lateral;Sem Vitimas;Pleno dia
583392;17/09/2009;Quinta;07:50:00;RJ;101;320.0;NITEROI;Outras;Colisao lateral;Sem Vitimas;Pleno dia
583508;14/09/2009;Segunda;11:00:00;RJ;101;311.0;SAO GONCALO;Outras;Queda de motocicleta / bicicleta / veiculo;Com Vitimas Feridas;Pleno dia
583521;14/09/2009;Segunda;19:00:00;RJ;101;320.0;NITEROI;Outras;Colisao lateral;Sem Vitimas;Pleno dia
583534;15/09/2009;Terca;03:40:00;RJ;101;312.0;SAO GONCALO;Outras;Saida de Pista;Sem Vitimas;Plena noite
583595;17/09/2009;Quinta;18:30:00;RJ;101;320.0;NITEROI;Outras;Colisao lateral;Sem Vitimas;Anoitecer
583754;17/09/2009;Quinta;01:30:00;RJ;101;318.0;SAO GONCALO;Outras;Queda de motocicleta / bicicleta / veiculo;Com Vitimas Feridas;Plena noite
583815;18/09/2009;Sexta;11:30:00;RJ;101;322.0;NITEROI;Falta de atencao;Colisao traseira;Sem Vitimas;Pleno dia
583918;18/09/2009;Sexta;11:00:00;RJ;101;317.0;SAO GONCALO;Falta de atencao;Colisao traseira;Sem Vitimas;Pleno dia
584034;18/09/2009;Sexta;19:50:00;RJ;101;322.0;NITEROI;Falta de atencao;Colisao lateral;Sem Vitimas;Plena noite
584368;19/09/2009;Sabado;14:00:00;RJ;101;312.0;SAO GONCALO;Outras;Colisao lateral;Sem Vitimas;Pleno dia
584411;19/09/2009;Sabado;16:50:00;RJ;101;321.0;NITEROI;Outras;Colisao lateral;Sem Vitimas;Pleno dia
584542;19/09/2009;Sabado;23:10:00;RJ;101;318.0;SAO GONCALO;Outras;Colisao lateral;Sem Vitimas;Plena noite
584664;20/09/2009;Domingo;10:30:00;RJ;101;323.0;NITEROI;Outras;Colisao com objeto fixo;Com Vitimas Feridas;Pleno dia
584772;20/09/2009;Domingo;16:30:00;RJ;101;318.0;SAO GONCALO;Outras;Queda de motocicleta / bicicleta / veiculo;Com Vitimas Feridas;Pleno dia
585002;17/09/2009;Quinta;22:30:00;RJ;101;306.0;SAO GONCALO;Falta de atencao;Colisao lateral;Sem Vitimas;Plena noite
585160;13/09/2009;Domingo;15:00:00;RJ;101;322.0;NITEROI;Outras;Atropelamento de pessoa;Com Vitimas Feridas;Pleno dia
585355;21/09/2009;Segunda;18:00:00;RJ;101;320.0;NITEROI;Outras;Colisao traseira;Sem Vitimas;Plena noite
585374;21/09/2009;Segunda;20:30:00;RJ;101;322.0;NITEROI;Outras;Colisao traseira;Sem Vitimas;Plena noite
585383;21/09/2009;Segunda;20:30:00;RJ;101;325.0;NITEROI;Outras;Colisao com objeto fixo;Sem Vitimas;Plena noite
585565;18/09/2009;Sexta;22:00:00;RJ;101;322.0;RIO DE JANEIRO;Nao guardar distancia de seguranca;Colisao traseira;Sem Vitimas;Plena noite
585709;23/08/2009;Domingo;14:30:00;RJ;101;310.0;SAO GONCALO;Outras;Atropelamento de pessoa;Com Vitimas Feridas;Pleno dia
585868;22/09/2009;Terca;21:30:00;RJ;101;307.0;SAO GONCALO;Outras;Saida de Pista;Sem Vitimas;Plena noite
585966;21/09/2009;Segunda;07:00:00;RJ;101;306.0;SAO GONCALO;Dormindo;Saida de Pista;Sem Vitimas;Amanhecer
586071;23/09/2009;Quarta;11:57:00;RJ;101;333.0;RIO DE JANEIRO;Outras;Colisao lateral;Sem Vitimas;Pleno dia
586205;23/09/2009;Quarta;16:30:00;RJ;101;322.0;SAO GONCALO;Outras;Colisao lateral;Sem Vitimas;Pleno dia
586226;23/09/2009;Quarta;17:15:00;RJ;101;315.0;SAO GONCALO;Outras;Colisao traseira;Com Vitimas Feridas;Pleno dia
586230;23/09/2009;Quarta;17:40:00;RJ;101;313.0;SAO GONCALO;Outras;Queda de motocicleta / bicicleta / veiculo;Com Vitimas Feridas;Pleno dia
586280;23/09/2009;Quarta;19:20:00;RJ;101;321.0;NITEROI;Outras;Colisao lateral;Sem Vitimas;Plena noite
586312;23/09/2009;Quarta;17:30:00;RJ;101;318.0;SAO GONCALO;Falta de atencao;Colisao lateral;Sem Vitimas;Pleno dia
586706;24/09/2009;Quinta;17:00:00;RJ;101;322.0;NITEROI;Falta de atencao;Colisao traseira;Sem Vitimas;Anoitecer
586781;24/09/2009;Quinta;18:10:00;RJ;101;334.0;RIO DE JANEIRO;Falta de atencao;Colisao lateral;Sem Vitimas;Plena noite
586853;24/09/2009;Quinta;18:50:00;RJ;101;319.0;NITEROI;Falta de atencao;Colisao traseira;Sem Vitimas;Plena noite
586945;23/09/2009;Quarta;06:00:00;RJ;101;300.0;SAO GONCALO;Outras;Colisao traseira;Sem Vitimas;Amanhecer
587169;25/09/2009;Sexta;15:30:00;RJ;101;320.0;NITEROI;Outras;Colisao traseira;Sem Vitimas;Pleno dia
587192;25/09/2009;Sexta;10:50:00;RJ;101;325.0;NITEROI;Falta de atencao;Colisao traseira;Sem Vitimas;Pleno dia
587222;25/09/2009;Sexta;16:40:00;RJ;101;323.0;NITEROI;Outras;Colisao lateral;Sem Vitimas;Pleno dia
587268;25/09/2009;Sexta;09:30:00;RJ;101;328.0;RIO DE JANEIRO;Outras;Colisao traseira;Sem Vitimas;Pleno dia
587295;25/09/2009;Sexta;20:45:00;RJ;101;323.0;NITEROI;Outras;Colisao traseira;Sem Vitimas;Plena noite
587472;22/09/2009;Terca;14:30:00;RJ;101;320.0;NITEROI;Outras;Colisao lateral;Sem Vitimas;Pleno dia
587502;26/09/2009;Sabado;08:00:00;RJ;101;333.0;RIO DE JANEIRO;Outras;Colisao lateral;Sem Vitimas;Pleno dia
587510;24/07/2009;Sexta;11:50:00;RJ;101;322.0;NITEROI;Outras;Colisao traseira;Sem Vitimas;Pleno dia
587528;26/09/2009;Sabado;09:15:00;RJ;101;334.0;NITEROI;Outras;Colisao lateral;Sem Vitimas;Pleno dia
587540;26/09/2009;Sabado;10:00:00;RJ;101;328.0;NITEROI;Falta de atencao;Colisao traseira;Sem Vitimas;Pleno dia
587578;26/09/2009;Sabado;13:20:00;RJ;101;330.0;RIO DE JANEIRO;Defeito mecanico em veiculo;Colisao com objeto fixo;Sem Vitimas;Pleno dia
587624;02/09/2009;Quarta;13:30:00;RJ;101;329.0;RIO DE JANEIRO;Nao guardar distancia de seguranca;Colisao traseira;Sem Vitimas;Plena noite
587710;26/09/2009;Sabado;18:44:00;RJ;101;326.0;NITEROI;Outras;Colisao traseira;Sem Vitimas;Pleno dia
587884;27/09/2009;Domingo;07:30:00;RJ;101;322.0;NITEROI;Outras;Colisao traseira;Sem Vitimas;Pleno dia
587958;20/09/2009;Domingo;05:30:00;RJ;101;326.0;NITEROI;Falta de atencao;Colisao traseira;Sem Vitimas;Amanhecer
588284;28/09/2009;Segunda;07:50:00;RJ;101;316.0;SAO GONCALO;Outras;Colisao lateral;Com Vitimas Feridas;Pleno dia
588344;21/09/2009;Segunda;19:40:00;RJ;101;316.0;SAO GONCALO;Falta de atencao;Colisao traseira;Sem Vitimas;Plena noite
588345;28/09/2009;Segunda;10:30:00;RJ;101;328.0;NITEROI;Outras;Colisao traseira;Sem Vitimas;Pleno dia
588388;25/09/2009;Sexta;00:52:00;RJ;101;333.0;RIO DE JANEIRO;Outras;Colisao traseira;Sem Vitimas;Plena noite
588413;28/09/2009;Segunda;11:15:00;RJ;101;317.0;SAO GONCALO;Falta de atencao;Saida de Pista;Sem Vitimas;Pleno dia
588592;28/09/2009;Segunda;17:10:00;RJ;101;302.0;SAO GONCALO;Outras;Atropelamento de pessoa;Com Vitimas Feridas;Plena noite
588664;28/09/2009;Segunda;23:00:00;RJ;101;321.0;NITEROI;Falta de atencao;Colisao traseira;Sem Vitimas;Plena noite
588718;25/09/2009;Sexta;14:00:00;RJ;101;308.0;SAO GONCALO;Outras;Colisao traseira;Sem Vitimas;Pleno dia
588721;17/09/2009;Quinta;18:00:00;RJ;101;320.0;NITEROI;Outras;Colisao lateral;Sem Vitimas;Anoitecer
588735;21/09/2009;Segunda;20:40:00;RJ;101;323.0;NITEROI;Outras;Colisao lateral;Sem Vitimas;Plena noite
588753;25/09/2009;Sexta;20:30:00;RJ;101;323.0;NITEROI;Falta de atencao;Colisao traseira;Sem Vitimas;Plena noite
588882;21/09/2009;Segunda;15:25:00;RJ;101;315.0;SAO GONCALO;Falta de atencao;Colisao lateral;Com Vitimas Feridas;Pleno dia
589033;29/09/2009;Terca;18:10:00;RJ;101;321.0;NITEROI;Falta de atencao;Colisao lateral;Sem Vitimas;Anoitecer
589196;30/09/2009;Quarta;05:00:00;RJ;101;320.0;NITEROI;Outras;Colisao com objeto fixo;Sem Vitimas;Amanhecer
589279;10/06/2009;Quarta;19:00:00;RJ;101;309.0;SAO GONCALO;Outras;Colisao traseira;Sem Vitimas;Plena noite
589394;30/09/2009;Quarta;14:00:00;RJ;101;305.0;SAO GONCALO;Animais na Pista;Atropelamento de animal;Sem Vitimas;Pleno dia
589425;30/09/2009;Quarta;15:30:00;RJ;101;333.0;RIO DE JANEIRO;Falta de atencao;Colisao traseira;Sem Vitimas;Pleno dia
589578;21/09/2009;Segunda;19:20:00;RJ;101;320.0;NITEROI;Outras;Colisao lateral;Sem Vitimas;Plena noite
589716;01/10/2009;Quinta;08:25:00;RJ;101;320.0;NITEROI;Outras;Colisao lateral;Sem Vitimas;Pleno dia
589741;28/09/2009;Segunda;09:50:00;RJ;101;332.0;RIO DE JANEIRO;Falta de atencao;Colisao traseira;Sem Vitimas;Pleno dia
589896;01/10/2009;Quinta;17:00:00;RJ;101;330.0;RIO DE JANEIRO;Outras;Colisao traseira;Sem Vitimas;Plena noite
590059;02/10/2009;Sexta;05:00:00;RJ;101;321.6;NITEROI;Outras;Colisao traseira;Sem Vitimas;Pleno dia
590386;02/10/2009;Sexta;12:20:00;RJ;101;313.0;SAO GONCALO;Nao guardar distancia de seguranca;Colisao traseira;Sem Vitimas;Pleno dia
590412;26/09/2009;Sabado;13:00:00;RJ;101;318.0;SAO GONCALO;Outras;Colisao traseira;Sem Vitimas;Pleno dia
590420;02/10/2009;Sexta;23:59:00;RJ;101;322.0;NITEROI;Outras;Colisao com objeto fixo;Sem Vitimas;Plena noite
590499;29/09/2009;Terca;08:20:00;RJ;101;326.0;NITEROI;Outras;Colisao traseira;Sem Vitimas;Pleno dia
591245;05/10/2009;Segunda;06:40:00;RJ;101;322.0;NITEROI;Outras;Colisao traseira;Sem Vitimas;Pleno dia
591274;02/10/2009;Sexta;22:20:00;RJ;101;320.0;NITEROI;Outras;Colisao com objeto fixo;Sem Vitimas;Plena noite
591322;05/10/2009;Segunda;09:40:00;RJ;101;321.6;NITEROI;Outras;Colisao lateral;Sem Vitimas;Pleno dia
591482;05/10/2009;Segunda;16:17:00;RJ;101;321.8;NITEROI;Outras;Colisao com objeto fixo;Sem Vitimas;Pleno dia
591501;05/10/2009;Segunda;18:15:00;RJ;101;321.0;NITEROI;Outras;Colisao lateral;Sem Vitimas;Plena noite
591530;05/10/2009;Segunda;19:40:00;RJ;101;321.0;NITEROI;Outras;Colisao traseira;Sem Vitimas;Plena noite
591577;02/10/2009;Sexta;19:50:00;RJ;101;320.0;NITEROI;Outras;Colisao traseira;Com Vitimas Feridas;Plena noite
591634;05/10/2009;Segunda;23:00:00;RJ;101;321.0;NITEROI;Outras;Colisao lateral;Sem Vitimas;Plena noite
591637;06/10/2009;Terca;01:40:00;RJ;101;330.0;RIO DE JANEIRO;Outras;Colisao com objeto movel;Sem Vitimas;Plena noite
591686;10/09/2009;Quinta;22:15:00;RJ;101;322.0;NITEROI;Falta de atencao;Colisao traseira;Sem Vitimas;Plena noite
591732;28/09/2009;Segunda;19:30:00;RJ;101;332.0;RIO DE JANEIRO;Outras;Colisao lateral;Com Vitimas Feridas;Plena noite
591816;06/10/2009;Terca;09:20:00;RJ;101;320.0;NITEROI;Nao guardar distancia de seguranca;Colisao lateral;Com Vitimas Feridas;Plena noite
591822;02/10/2009;Sexta;15:10:00;RJ;101;317.0;SAO GONCALO;Outras;Colisao lateral;Sem Vitimas;Pleno dia
591862;06/10/2009;Terca;09:25:00;RJ;101;322.0;NITEROI;Outras;Colisao com objeto fixo;Sem Vitimas;Pleno dia
591964;02/10/2009;Sexta;16:30:00;RJ;101;316.0;SAO GONCALO;Nao guardar distancia de seguranca;Colisao traseira;Sem Vitimas;Anoitecer
591983;02/10/2009;Sexta;11:40:00;RJ;101;319.0;SAO GONCALO;Nao guardar distancia de seguranca;Colisao traseira;Sem Vitimas;Pleno dia
592023;02/10/2009;Sexta;15:50:00;RJ;101;313.0;SAO GONCALO;Outras;Colisao com objeto movel;Sem Vitimas;Pleno dia
592033;02/10/2009;Sexta;16:20:00;RJ;101;315.0;SAO GONCALO;Outras;Colisao com objeto fixo;Sem Vitimas;Pleno dia
592042;02/10/2009;Sexta;16:30:00;RJ;101;315.0;SAO GONCALO;Nao guardar distancia de seguranca;Colisao traseira;Sem Vitimas;Anoitecer
592067;06/10/2009;Terca;11:10:00;RJ;101;299.0;SAO GONCALO;Outras;Tombamento;Com Vitimas Feridas;Pleno dia
592206;03/10/2009;Sabado;09:10:00;RJ;101;322.0;NITEROI;Outras;Colisao traseira;Sem Vitimas;Pleno dia
592461;11/09/2009;Sexta;22:45:00;RJ;101;306.0;SAO GONCALO;Outras;Atropelamento de pessoa;Com Vitimas Fatais;Plena noite
592718;08/10/2009;Quinta;09:30:00;RJ;101;321.0;NITEROI;Falta de atencao;Colisao traseira;Sem Vitimas;Pleno dia
592727;08/10/2009;Quinta;08:30:00;RJ;101;322.0;NITEROI;Falta de atencao;Colisao lateral;Sem Vitimas;Pleno dia
592736;08/10/2009;Quinta;08:35:00;RJ;101;324.0;NITEROI;Falta de atencao;Colisao traseira;Sem Vitimas;Pleno dia
592758;08/10/2009;Quinta;13:15:00;RJ;101;322.0;NITEROI;Outras;Colisao Transversal;Com Vitimas Feridas;Pleno dia
592806;08/10/2009;Quinta;06:50:00;RJ;101;322.0;NITEROI;Outras;Colisao lateral;Sem Vitimas;Pleno dia
592837;08/10/2009;Quinta;15:00:00;RJ;101;320.0;NITEROI;Falta de atencao;Colisao traseira;Sem Vitimas;Pleno dia
592852;08/10/2009;Quinta;14:30:00;RJ;101;322.0;NITEROI;Outras;Colisao com objeto fixo;Sem Vitimas;Pleno dia
592959;08/10/2009;Quinta;19:26:00;RJ;101;324.0;NITEROI;Falta de atencao;Colisao lateral;Sem Vitimas;Anoitecer
593017;08/10/2009;Quinta;20:54:00;RJ;101;329.0;RIO DE JANEIRO;Falta de atencao;Colisao traseira;Sem Vitimas;Plena noite
593303;09/10/2009;Sexta;08:30:00;RJ;101;303.0;SAO GONCALO;Falta de atencao;Colisao lateral;Sem Vitimas;Pleno dia
593650;10/10/2009;Sabado;03:40:00;RJ;101;325.0;NITEROI;Outras;Colisao traseira;Sem Vitimas;Plena noite
593734;06/10/2009;Terca;08:15:00;RJ;101;305.0;SAO GONCALO;Outras;Saida de Pista;Sem Vitimas;Pleno dia
593803;06/10/2009;Terca;10:20:00;RJ;101;319.0;NITEROI;Outras;Colisao traseira;Sem Vitimas;Pleno dia
593963;10/10/2009;Sabado;12:00:00;RJ;101;304.0;SAO GONCALO;Nao guardar distancia de seguranca;Colisao traseira;Com Vitimas Feridas;Pleno dia
594026;10/10/2009;Sabado;16:20:00;RJ;101;334.0;RIO DE JANEIRO;Outras;Colisao traseira;Sem Vitimas;Pleno dia
594098;10/10/2009;Sabado;20:40:00;RJ;101;320.0;SAO GONCALO;Outras;Colisao traseira;Sem Vitimas;Plena noite
594138;06/10/2009;Terca;14:15:00;RJ;101;317.0;SAO GONCALO;Outras;Colisao traseira;Sem Vitimas;Pleno dia
594227;11/10/2009;Domingo;05:00:00;RJ;101;301.0;SAO GONCALO;Outras;Saida de Pista;Sem Vitimas;Amanhecer
594366;07/10/2009;Quarta;17:02:00;RJ;101;333.0;RIO DE JANEIRO;Outras;Colisao traseira;Com Vitimas Feridas;Anoitecer
594494;07/10/2009;Quarta;17:30:00;RJ;101;328.0;RIO DE JANEIRO;Outras;Colisao lateral;Com Vitimas Feridas;Pleno dia
594694;12/10/2009;Segunda;06:30:00;RJ;101;327.0;NITEROI;Falta de atencao;Colisao traseira;Sem Vitimas;Pleno dia
594763;08/10/2009;Quinta;09:30:00;RJ;101;319.0;SAO GONCALO;Falta de atencao;Colisao traseira;Sem Vitimas;Pleno dia
594959;12/10/2009;Segunda;18:30:00;RJ;101;307.0;SAO GONCALO;Outras;Saida de Pista;Sem Vitimas;Plena noite
595043;12/10/2009;Segunda;20:06:00;RJ;101;325.0;NITEROI;Falta de atencao;Colisao traseira;Com Vitimas Feridas;Plena noite
595073;12/10/2009;Segunda;20:30:00;RJ;101;323.0;NITEROI;Falta de atencao;Colisao traseira;Sem Vitimas;Plena noite
595235;09/10/2009;Sexta;14:20:00;RJ;101;320.0;NITEROI;Outras;Colisao traseira;Sem Vitimas;Pleno dia
595257;10/10/2009;Sabado;17:05:00;RJ;101;322.0;NITEROI;Outras;Colisao traseira;Sem Vitimas;Anoitecer
595259;03/08/2009;Segunda;11:05:00;RJ;101;324.0;NITEROI;Outras;Colisao traseira;Sem Vitimas;Pleno dia
595285;08/10/2009;Quinta;22:50:00;RJ;101;320.0;NITEROI;Outras;Saida de Pista;Com Vitimas Feridas;Plena noite
595346;13/10/2009;Terca;10:00:00;RJ;101;319.0;SAO GONCALO;Outras;Colisao traseira;Com Vitimas Feridas;Pleno dia
595456;08/10/2009;Quinta;06:10:00;RJ;101;314.0;SAO GONCALO;Falta de atencao;Colisao traseira;Sem Vitimas;Amanhecer
595578;09/10/2009;Sexta;15:00:00;RJ;101;321.0;NITEROI;Outras;Colisao lateral;Sem Vitimas;Pleno dia
595632;13/10/2009;Terca;19:20:00;RJ;101;321.0;NITEROI;Outras;Colisao lateral;Sem Vitimas;Plena noite
595707;13/10/2009;Terca;22:35:00;RJ;101;322.3;NITEROI;Outras;Colisao traseira;Sem Vitimas;Plena noite
595708;27/09/2009;Domingo;07:20:00;RJ;101;332.0;NITEROI;Outras;Colisao traseira;Sem Vitimas;Pleno dia
595773;10/10/2009;Sabado;06:00:00;RJ;101;329.0;NITEROI;Outras;Colisao lateral;Sem Vitimas;Amanhecer
595870;14/10/2009;Quarta;10:10:00;RJ;101;320.8;RIO DE JANEIRO;Outras;Colisao traseira;Sem Vitimas;Pleno dia
595924;10/10/2009;Sabado;20:00:00;RJ;101;315.0;SAO GONCALO;Outras;Saida de Pista;Sem Vitimas;Plena noite
596001;07/10/2009;Quarta;21:30:00;RJ;101;305.0;SAO GONCALO;Outras;Atropelamento de pessoa;Com Vitimas Fatais;Plena noite
596018;14/10/2009;Quarta;11:10:00;RJ;101;332.0;RIO DE JANEIRO;Outras;Danos Eventuais;Sem Vitimas;Pleno dia
596035;06/10/2009;Terca;13:46:00;RJ;101;324.0;NITEROI;Outras;Colisao com objeto fixo;Sem Vitimas;Pleno dia
596111;06/10/2009;Terca;17:00:00;RJ;101;321.0;NITEROI;Outras;Colisao traseira;Sem Vitimas;Anoitecer
596349;15/10/2009;Quinta;10:15:00;RJ;101;322.0;NITEROI;Outras;Colisao lateral;Sem Vitimas;Pleno dia
596515;15/10/2009;Quinta;17:00:00;RJ;101;322.0;NITEROI;Outras;Colisao lateral;Sem Vitimas;Pleno dia
596782;16/10/2009;Sexta;07:25:00;RJ;101;325.0;NITEROI;Defeito mecanico em veiculo;Colisao lateral;Sem Vitimas;Pleno dia
596807;16/10/2009;Sexta;06:40:00;RJ;101;318.0;SAO GONCALO;Outras;Colisao lateral;Com Vitimas Feridas;Pleno dia
597012;16/10/2009;Sexta;15:52:00;RJ;101;323.0;NITEROI;Falta de atencao;Colisao traseira;Sem Vitimas;Pleno dia
597109;16/10/2009;Sexta;17:31:00;RJ;101;334.0;NITEROI;Falta de atencao;Colisao traseira;Sem Vitimas;Anoitecer
597130;16/10/2009;Sexta;12:05:00;RJ;101;327.0;NITEROI;Falta de atencao;Colisao traseira;Sem Vitimas;Pleno dia
597213;16/10/2009;Sexta;17:45:00;RJ;101;333.0;RIO DE JANEIRO;Outras;Colisao traseira;Sem Vitimas;Plena noite
597258;17/10/2009;Sabado;01:15:00;RJ;101;323.0;NITEROI;Falta de atencao;Colisao traseira;Sem Vitimas;Plena noite
597498;09/10/2009;Sexta;16:30:00;RJ;101;334.0;RIO DE JANEIRO;Outras;Colisao traseira;Sem Vitimas;Pleno dia
597543;14/10/2009;Quarta;02:30:00;RJ;101;334.0;RIO DE JANEIRO;Outras;Colisao com objeto fixo;Sem Vitimas;Plena noite
597857;08/10/2009;Quinta;06:55:00;RJ;101;312.0;SAO GONCALO;Falta de atencao;Colisao traseira;Sem Vitimas;Amanhecer
597934;18/10/2009;Domingo;16:30:00;RJ;101;309.0;SAO GONCALO;Outras;Colisao traseira;Com Vitimas Feridas;Pleno dia
597935;18/10/2009;Domingo;16:30:00;RJ;101;306.0;SAO GONCALO;Outras;Saida de Pista;Sem Vitimas;Pleno dia
598346;21/09/2009;Segunda;20:40:00;RJ;101;318.0;SAO GONCALO;Outras;Queda de motocicleta / bicicleta / veiculo;Sem Vitimas;Plena noite
598493;15/10/2009;Quinta;17:10:00;RJ;101;333.0;RIO DE JANEIRO;Outras;Colisao lateral;Sem Vitimas;Pleno dia
598667;20/10/2009;Terca;09:00:00;RJ;101;319.0;SAO GONCALO;Falta de atencao;Colisao traseira;Sem Vitimas;Pleno dia
598758;20/10/2009;Terca;14:30:00;RJ;101;302.0;SAO GONCALO;Outras;Capotamento;Com Vitimas Feridas;Pleno dia
598795;20/10/2009;Terca;16:00:00;RJ;101;329.0;RIO DE JANEIRO;Falta de atencao;Colisao lateral;Sem Vitimas;Pleno dia
599062;17/10/2009;Sabado;10:23:00;RJ;101;306.0;SAO GONCALO;Outras;Colisao com bicicleta;Com Vitimas Feridas;Pleno dia
599076;21/10/2009;Quarta;07:15:00;RJ;101;310.0;SAO GONCALO;Outras;Colisao traseira;Sem Vitimas;Pleno dia
599372;18/10/2009;Domingo;05:00:00;RJ;101;327.0;NITEROI;Outras;Colisao traseira;Sem Vitimas;Plena noite